feature,permutation_auc_drop,permutation_auc_drop_std,mean_absolute_shap,forest_impurity_importance,label
alcohol,0.10953464240102166,0.015485222894269117,0.1239349169323093,0.21846736568775338,Alcohol
sulphates,0.0602630108556832,0.014461767086941713,0.07632699895476965,0.1343611061339798,Sulphates
volatile_acidity,0.02137013090676877,0.009307067049352472,0.06535465986937515,0.12091725854835962,Volatile acidity
total_sulfur_dioxide,0.010636174968071427,0.006053564540276792,0.041263953478714345,0.10203339523856725,Total sulfur dioxide
density,-0.0022329980842912657,0.004342861564131561,0.0315107829482801,0.0899960052640012,Density
chlorides,0.004605683269476279,0.0033900619236559054,0.021614041122076134,0.0678858539841854,Chlorides
fixed_acidity,0.002556273946360077,0.0016746991497899049,0.01320771046343476,0.059954187062864976,Fixed acidity
free_sulfur_dioxide,-0.003713681353767617,0.003638469632718572,0.013000777922892826,0.05111045966179068,Free sulfur dioxide
citric_acid,-0.001245210727969459,0.002182661067204224,0.011651187336108447,0.056369543134783415,Citric acid
ph,0.0009638409961685301,0.00103562240074456,0.010507808960350296,0.056338642791470016,pH
residual_sugar,0.00032128033205611195,0.0013235931034428243,0.006633682790652538,0.04256618249224432,Residual sugar
