false_positive_rate,true_positive_rate,threshold
0.0,0.0,
0.0,0.005747126436781609,0.9892444036350331
0.0,0.08045977011494253,0.9523678351670732
0.006944444444444444,0.08045977011494253,0.9510155787179625
0.006944444444444444,0.13793103448275862,0.9295262132716249
0.006944444444444444,0.16091954022988506,0.9197158806467423
0.006944444444444444,0.1839080459770115,0.9089200144561873
0.013888888888888888,0.1839080459770115,0.9052235444591684
0.013888888888888888,0.20114942528735633,0.891667077137858
0.013888888888888888,0.21264367816091953,0.8901497848653116
0.013888888888888888,0.23563218390804597,0.8818619014113392
0.013888888888888888,0.2471264367816092,0.8787230916253291
0.013888888888888888,0.25287356321839083,0.8786806807638702
0.013888888888888888,0.26436781609195403,0.8784497483369303
0.013888888888888888,0.27011494252873564,0.8739052264273935
0.013888888888888888,0.28160919540229884,0.8652676189728474
0.013888888888888888,0.3620689655172414,0.8229875761237945
0.020833333333333332,0.3620689655172414,0.8119394243169837
0.020833333333333332,0.3735632183908046,0.809548536048093
0.020833333333333332,0.39080459770114945,0.8041209872653966
0.027777777777777776,0.39080459770114945,0.7978690545904367
0.041666666666666664,0.39080459770114945,0.7930921438014283
0.04861111111111111,0.39080459770114945,0.7892516814859915
0.04861111111111111,0.40229885057471265,0.785580351857578
0.04861111111111111,0.41954022988505746,0.783730484473022
0.04861111111111111,0.42528735632183906,0.7823277938256261
0.0625,0.42528735632183906,0.7748254650134082
0.0625,0.4367816091954023,0.7747798769566413
0.0625,0.45977011494252873,0.7651168457393634
0.0625,0.47126436781609193,0.7521108278359493
0.06944444444444445,0.47126436781609193,0.7501613432434021
0.06944444444444445,0.4827586206896552,0.7487941678120742
0.06944444444444445,0.4942528735632184,0.7453111080961152
0.06944444444444445,0.5172413793103449,0.7377453588694926
0.08333333333333333,0.5172413793103449,0.7304323892614434
0.08333333333333333,0.5287356321839081,0.7254868155353074
0.09027777777777778,0.5287356321839081,0.7207531351201477
0.09027777777777778,0.5344827586206896,0.7202246969957665
0.09722222222222222,0.5344827586206896,0.7186066620909416
0.09722222222222222,0.5459770114942529,0.7044055636255457
0.10416666666666667,0.5459770114942529,0.6987207005235008
0.10416666666666667,0.5689655172413793,0.6909864259113222
0.10416666666666667,0.5747126436781609,0.6842310543396514
0.10416666666666667,0.5862068965517241,0.6811088955310729
0.11805555555555555,0.5862068965517241,0.6742382653654402
0.11805555555555555,0.603448275862069,0.6722878592329468
0.125,0.603448275862069,0.665220201712222
0.125,0.6149425287356322,0.6579355289791634
0.1388888888888889,0.6149425287356322,0.6519706212622008
0.1388888888888889,0.6206896551724138,0.6506040920673123
0.14583333333333334,0.6206896551724138,0.6498923985026711
0.14583333333333334,0.632183908045977,0.6399749559219398
0.1527777777777778,0.632183908045977,0.6389122151273771
0.1527777777777778,0.6494252873563219,0.6209679674417918
0.1527777777777778,0.6724137931034483,0.6179928589246892
0.1527777777777778,0.6896551724137931,0.6081270957250904
0.1597222222222222,0.6896551724137931,0.5943380352231062
0.1597222222222222,0.7068965517241379,0.5869749868534898
0.1597222222222222,0.7298850574712644,0.5795388583976646
0.1597222222222222,0.735632183908046,0.5738743779610177
0.16666666666666666,0.735632183908046,0.5717559088129249
0.16666666666666666,0.7471264367816092,0.5715992681076093
0.18055555555555555,0.7471264367816092,0.5661878346043734
0.18055555555555555,0.7586206896551724,0.5646994127026798
0.18055555555555555,0.764367816091954,0.5547438703713645
0.18055555555555555,0.7758620689655172,0.5342986694174237
0.19444444444444445,0.7758620689655172,0.5244033904049649
0.19444444444444445,0.7816091954022989,0.5225228474180088
0.19444444444444445,0.7931034482758621,0.5204483743468232
0.20833333333333334,0.7931034482758621,0.5167774616231134
0.20833333333333334,0.7988505747126436,0.49878951309487973
0.2222222222222222,0.7988505747126436,0.4982194858108546
0.2222222222222222,0.8045977011494253,0.492702515412722
0.2569444444444444,0.8045977011494253,0.4867927983525174
0.2569444444444444,0.8103448275862069,0.48665549751589715
0.2708333333333333,0.8103448275862069,0.47673429466602985
0.2708333333333333,0.8218390804597702,0.46415987967537536
0.2777777777777778,0.8218390804597702,0.4607156856633687
0.2777777777777778,0.8505747126436781,0.45736751879241533
0.2916666666666667,0.8505747126436781,0.4444920702095046
0.3055555555555556,0.8505747126436781,0.433570293471263
0.3194444444444444,0.8505747126436781,0.43135270031813044
0.3194444444444444,0.8620689655172413,0.42680984539768524
0.3333333333333333,0.8620689655172413,0.41781678741005074
0.3472222222222222,0.8620689655172413,0.4072358026704545
0.3611111111111111,0.8620689655172413,0.4045777717781332
0.3819444444444444,0.8620689655172413,0.39784876033936184
0.3819444444444444,0.867816091954023,0.39594419767350864
0.3958333333333333,0.867816091954023,0.3933867068321438
0.3958333333333333,0.8850574712643678,0.3869762565996516
0.4027777777777778,0.8850574712643678,0.3854457384123585
0.4166666666666667,0.8850574712643678,0.38507374601564587
0.4166666666666667,0.8908045977011494,0.3819213551975732
0.4375,0.8908045977011494,0.37311704497465714
0.4375,0.896551724137931,0.3709290423604907
0.4722222222222222,0.896551724137931,0.3466381531197744
0.4722222222222222,0.9022988505747126,0.3400785222558515
0.4791666666666667,0.9022988505747126,0.33973404553103426
0.4791666666666667,0.9080459770114943,0.3354588678695326
0.4861111111111111,0.9080459770114943,0.33539426296789016
0.4861111111111111,0.9195402298850575,0.3290099511225485
0.5138888888888888,0.9195402298850575,0.3154259826655088
0.5138888888888888,0.9252873563218391,0.31247380058100904
0.5208333333333334,0.9252873563218391,0.3109594732127946
0.5347222222222222,0.9252873563218391,0.30758871693854917
0.5625,0.9252873563218391,0.29705050833833646
0.5763888888888888,0.9252873563218391,0.2894659077263641
0.5972222222222222,0.9252873563218391,0.2772163538042987
0.6111111111111112,0.9252873563218391,0.27611348877723657
0.6111111111111112,0.9310344827586207,0.2752074839790394
0.6319444444444444,0.9310344827586207,0.2620024514802887
0.6319444444444444,0.9367816091954023,0.2583994789631606
0.6458333333333334,0.9367816091954023,0.25239922969136075
0.6458333333333334,0.9425287356321839,0.25180336229083755
0.6527777777777778,0.9425287356321839,0.24926989038994515
0.6666666666666666,0.9425287356321839,0.2477161514006135
0.6875,0.9425287356321839,0.23542805897254748
0.6875,0.9540229885057471,0.22332897988671074
0.6944444444444444,0.9540229885057471,0.21413262262352878
0.6944444444444444,0.9655172413793104,0.21348037641387402
0.7013888888888888,0.9655172413793104,0.21091934437686363
0.7013888888888888,0.9770114942528736,0.20969592827743821
0.7222222222222222,0.9770114942528736,0.2014872721496936
0.7222222222222222,0.9885057471264368,0.20050698591674446
0.7361111111111112,0.9885057471264368,0.19920989872848402
0.7916666666666666,0.9885057471264368,0.15813066917102006
0.8055555555555556,0.9885057471264368,0.15529596335768664
0.8472222222222222,0.9885057471264368,0.1350074968635807
0.8611111111111112,0.9885057471264368,0.13497588088425921
0.8819444444444444,0.9885057471264368,0.1188289618052003
0.8819444444444444,1.0,0.11346034173901152
0.9305555555555556,1.0,0.09175175959616717
0.9583333333333334,1.0,0.09052558341114753
1.0,1.0,0.02728096767698196
